metric,vineyard_id,row_id,value,unit
block_count,,,2,count
row_count,,,51,count
total_row_length,,,1941.55,m
total_canopy_area,,,536.18,m2
total_interrow_area,,,4064.39,m2
canopy_area,V01,,237.12,m2
interrow_area,V01,,2068.03,m2
canopy_area,V02,,299.06,m2
interrow_area,V02,,1996.36,m2
row_length,V01,V01-R01,1.1,m
row_length,V01,V01-R02,6.4,m
row_length,V01,V01-R03,12.4,m
row_length,V01,V01-R04,18.0,m
row_length,V01,V01-R05,24.3,m
row_length,V01,V01-R06,30.18,m
row_length,V01,V01-R07,36.07,m
row_length,V01,V01-R08,42.3,m
row_length,V01,V01-R09,48.03,m
row_length,V01,V01-R10,55.79,m
row_length,V01,V01-R11,63.29,m
row_length,V01,V01-R12,64.61,m
row_length,V01,V01-R13,64.54,m
row_length,V01,V01-R14,64.35,m
row_length,V01,V01-R15,63.45,m
row_length,V01,V01-R16,58.0,m
row_length,V01,V01-R17,52.38,m
row_length,V01,V01-R18,46.02,m
row_length,V01,V01-R19,39.85,m
row_length,V01,V01-R20,34.01,m
row_length,V01,V01-R21,28.36,m
row_length,V01,V01-R22,22.53,m
row_length,V01,V01-R23,16.74,m
row_length,V01,V01-R24,11.33,m
row_length,V01,V01-R25,6.06,m
row_length,V02,V02-R01,5.13,m
row_length,V02,V02-R02,11.98,m
row_length,V02,V02-R03,18.97,m
row_length,V02,V02-R04,26.52,m
row_length,V02,V02-R05,33.77,m
row_length,V02,V02-R06,40.98,m
row_length,V02,V02-R07,47.69,m
row_length,V02,V02-R08,55.38,m
row_length,V02,V02-R09,55.58,m
row_length,V02,V02-R10,55.49,m
row_length,V02,V02-R11,55.55,m
row_length,V02,V02-R12,55.51,m
row_length,V02,V02-R13,55.55,m
row_length,V02,V02-R14,55.52,m
row_length,V02,V02-R15,55.62,m
row_length,V02,V02-R16,55.61,m
row_length,V02,V02-R17,55.56,m
row_length,V02,V02-R18,55.57,m
row_length,V02,V02-R19,53.84,m
row_length,V02,V02-R20,46.52,m
row_length,V02,V02-R21,40.02,m
row_length,V02,V02-R22,33.58,m
row_length,V02,V02-R23,25.73,m
row_length,V02,V02-R24,18.8,m
row_length,V02,V02-R25,12.03,m
row_length,V02,V02-R26,4.99,m
